<?xml version="1.0" encoding="UTF-8" standalone="no"?>
<manifest xmlns="http://tizen.org/ns/packages" api-version="4.0" package="org.example.door_control" version="1.0.0">
    <profile name="tizeniotarmvlv"/>
    <service-application appid="org.example.door_control" exec="door_control" multiple="false" nodisplay="true" on-boot="true" taskmanage="false" type="capp">
        <label>door_control</label>
        <icon>door_control.png</icon>
    </service-application>
    <privileges>
        <privilege>http://tizen.org/privilege/camera</privilege>
        <privilege>http://tizen.org/privilege/peripheralio</privilege>
    </privileges>
</manifest>
